{
  "hash": "15364705",
  "configHash": "deaefd0e",
  "lockfileHash": "5f7261d9",
  "browserHash": "67265a0e",
  "optimized": {
    "@angular/common/http": {
      "src": "../../../../../../node_modules/@angular/common/fesm2022/http.mjs",
      "file": "@angular_common_http.js",
      "fileHash": "03ee2a7c",
      "needsInterop": false
    },
    "@angular/core": {
      "src": "../../../../../../node_modules/@angular/core/fesm2022/core.mjs",
      "file": "@angular_core.js",
      "fileHash": "fb9e94ae",
      "needsInterop": false
    },
    "@angular/platform-browser": {
      "src": "../../../../../../node_modules/@angular/platform-browser/fesm2022/platform-browser.mjs",
      "file": "@angular_platform-browser.js",
      "fileHash": "d46ac660",
      "needsInterop": false
    },
    "@angular/router": {
      "src": "../../../../../../node_modules/@angular/router/fesm2022/router.mjs",
      "file": "@angular_router.js",
      "fileHash": "bf16cd8c",
      "needsInterop": false
    }
  },
  "chunks": {
    "chunk-KYRGGYQL": {
      "file": "chunk-KYRGGYQL.js"
    },
    "chunk-HMZSX6NM": {
      "file": "chunk-HMZSX6NM.js"
    },
    "chunk-FWG627IE": {
      "file": "chunk-FWG627IE.js"
    }
  }
}